ortho,arpa
zoupe,zup
zoutte,zut
zougue,zug
zoub,zub
zoud,zud
sougue,sug
soub,sub
foupe,fup
foub,fub
foud,fud
choupe,shup
chougue,shug
choub,shub
voupe,vup
vouk,vuk
vougue,vug
voub,vub
voud,vud
zouz,zuz
zousse,zus
zouffe,zuf
zouche,zush
zouve,zuv
souz,suz
sousse,sus
souffe,suf
souve,suv
fouz,fuz
fouche,fush
fousse,fus
figue,fig
fouve,fuv
chousse,shus
chouve,shuv
vouz,vuz
vousse,vus
vouffe,vuf
vouche,vush
vouve,vuv
zette,zet
zeb,zeb
zed,zed
sed,sed
chepe,shep
cheb,sheb
ched,shed
vepe,vep
vette,vet
vek,vek
vegue,veg
veb,veb
ved,ved
zez,zez
zesse,zes
zeffe,zef
zeche,zesh
zeve,zev
seffe,sef
fez,fez
feffe,fef
feche,fesh
chesse,shes
cheche,shesh
cheve,shev
vez,vez
vesse,ves
veffe,vef
veche,vesh
veve,vev
zitte,zit
zigue,zig
zib,zib
zid,zid
sitte,sit
sigue,sig
fipe,fip
fib,fib
chib,shib
chid,shid
vik,vik
vigue,vig
vib,vib
zupe,zyp
zuk,zyk
zugue,zyg
zub,zyb
zud,zyd
sutte,syt
sugue,syg
fupe,fyp
fub,fyb
chupe,shyp
chuk,shyk
chub,shyb
chud,shyd
vupe,vyp
vutte,vyt
vuk,vyk
vugue,vyg
vub,vyb
vud,vyd
ziz,ziz
zisse,zis
ziffe,zif
ziche,zish
zive,ziv
siz,siz
siche,sish
sive,siv
chiz,shiz
chisse,shis
chiffe,shif
chive,shiv
viche,vish
zuze,zyz
zusse,zys
zuffe,zyf
zuche,zysh
zuve,zyv
suffe,syf
suche,sysh
suve,syv
fuffe,fyf
fuche,fysh
chuz,shyz
chusse,shys
chuffe,shyf
chuve,shyv
vuz,vyz
vusse,vys
vuffe,vyf
vuche,vysh
vuve,vyv
zeuz,zoez
zeusse,zoes
zeuffe,zoef
zeuche,zoesh
zeuve,zoev
seuz,soez
seuffe,soef
seuche,soesh
seuve,soev
feuffe,foef
feuche,foesh
cheuz,shoez
cheusse,shoes
cheuffe,shoef
cheuve,shoev
veuz,voez
veusse,voes
veuche,voesh
zoz,zoz
zosse,zos
zoffe,zof
zoche,zosh
zove,zov
soz,soz
soche,sosh
sove,sov
foffe,fof
foche,fosh
voz,voz
vosse,vos
voffe,vof
voche,vosh
vove,vov
zasse,zas
zaffe,zaf
zache,zash
zave,zav
saz,saz
saffe,saf
faffe,faf
chaz,shaz
chaffe,shaf
chave,shav
vasse,vas
vaffe,vaf
vave,vav
zeupe,zoep
zeutte,zoet
zeuk,zoek
zeugue,zoeg
zeud,zoed
seutte,soet
seugue,soeg
feupe,foep
feutte,foet
feugue,foeg
feub,foeb
cheupe,shoep
cheutte,shoet
cheuk,shoek
cheub,shoeb
cheud,shoed
veupe,voep
veutte,voet
veuk,voek
veugue,voeg
veub,voeb
veud,voed
zope,zop
zotte,zot
zok,zok
zogue,zog
zod,zod
sogue,sog
fope,fop
fotte,fot
fob,fob
chob,shob
vope,vop
vok,vok
vob,vob
vod,vod
zatte,zat
zague,zag
zab,zab
satte,sat
sague,sag
chape,shap
chab,shab
chad,shad
vatte,vat
vab,vab
vad,vad
zigue,zig
zib,zib
zid,zid
sigue,sig
sib,sib
fipe,fip
fik,fik
fid,fid
chigue,shig
chib,shib
chid,shid
vik,vik
vigue,vig
vib,vib
ziz,ziz
zisse,zis
ziffe,zif
ziche,zish
zive,ziv
siz,siz
siche,sish
five,fiv
chiz,shiz
chisse,shis
viche,vish